{
  "animation": [
    {"speed": 1.5, "time": 15000, "iteration_time": 400, "coords": [
      [2],
      [4],
      [5],
      [7],
      [10],
      [12],
      [13],
      [15]
      ]
    },

    {"speed": 1.5, "time": 18500, "iteration_time": 400, "coords": [
      [1,3],
      [6,8],
      [9,11],
      [14,16]
      ]
    },

    {"speed": 1.3, "time": 25000, "iteration_time": 400, "coords": [
      [1,2,3,4],
      [1,2,3,4],
      [1,2,3,4],
      [5,9,13],
      [5,9,13],
      [5,9,13],
      [14,15,16],
      [14,15,16],
      [14,15,16],
      [12,8],
      [12,8],
      [12,8]
      ]
    },

    {"speed": 1.5, "time": 32000, "iteration_time": 2700, "coords": [
      [10,11],
      [6,7],
      [10,11],
      [6,7],
      [10,11],
      [6,7]
      ]
    },

    {"speed": 2, "time": 45000, "iteration_time": 1000, "coords": [
      [3,4],
      [3,4],
      [13,14],
      [13,14]
      ]
    },

    {"speed": 1.5, "time": 50000, "iteration_time": 1000, "coords": [
      [10,11,6,7],
      [10,11,6,7]
      ]
    },

    {"speed": 2, "time": 54000, "iteration_time": 1, "coords": [
      [2,15]
      ]
    },

    {"speed": 1.5, "time": 57500, "iteration_time": 1, "coords": [
      [2,15]
      ]
    },

    {"speed": 2, "time": 62000, "iteration_time": 500, "coords": [
      [9,8],
      [9,8],
      [5,12],
      [5,12],
      [1,16],
      [1,16]
      ]
    },

    {"speed": 2, "time": 70000, "iteration_time": 1, "coords": [
      [6,7,11,10]
      ]
    },

    {"speed": 2, "time": 76000, "iteration_time": 1, "coords": [
      [13]
      ]
    }
  ]
}
