{
 "animation": [
  {
   "speed": 1.5,
   "time": 1000,
   "iteration_time": 550,
   "coords": [
    [
     13
    ],
    [
     4
    ],
    [
     14
    ],
    [
     3
    ],
    [
     15
    ],
    [
     2
    ],
    [
     16
    ],
    [
     1
    ],
    [
     12
    ],
    [
     5
    ],
    [
     8
    ],
    [
     9
    ],
    [
     13
    ],
    [
     4
    ],
    [
     14
    ],
    [
     3
    ],
    [
     15
    ],
    [
     2
    ],
    [
     16
    ],
    [
     1
    ],
    [
     12
    ],
    [
     5
    ],
    [
     8
    ],
    [
     9
    ]
   ]
  },
  {
   "speed": 0.5,
   "time": 18650,
   "iteration_time": 1500,
   "coords": [
    [
     10,
     11,
     6,
     7
    ],
    [
     10,
     11,
     6,
     7
    ]
   ]
  },
  {
   "speed": 1.7,
   "time": 30150,
   "iteration_time": 1170,
   "coords": [
    [
     1,
     3,
     11,
     9
    ],
    [
     2,
     4,
     12,
     10
    ],
    [
     6,
     8,
     16,
     14
    ],
    [
     5,
     7,
     15,
     13
    ]
   ]
  },
  {
   "speed": 1.5,
   "time": 36660,
   "iteration_time": 1700,
   "coords": [
    [
     1
    ],
    [
     5,
     2
    ],
    [
     9,
     6,
     3
    ],
    [
     13,
     10,
     7,
     4
    ],
    [
     14,
     11,
     8
    ],
    [
     15,
     12
    ]
   ]
  },
  {
   "speed": 1.5,
   "time": 47660,
   "iteration_time": 1,
   "coords": [
    [
     16
    ]
   ]
  },
  {
   "speed": 1.5,
   "time": 51660,
   "iteration_time": 1800,
   "coords": [
    [
     3,
     3,
     8,
     8
    ],
    [
     6,
     6,
     11,
     11
    ],
    [
     9,
     9,
     14,
     14
    ],
    [
     4,
     4
    ],
    [
     7,
     7
    ],
    [
     10,
     10
    ],
    [
     13,
     13
    ],
    [
     5,
     12
    ]
   ]
  },
  {
   "speed": 2.0,
   "time": 68000,
   "iteration_time": 1,
   "coords": [
    [
     1
    ]
   ]
  }
 ]
}