{
 "animation": [
  {
   "speed": 1.3,
   "time": 1000,
   "iteration_time": 1500,
   "coords": [
    [
     6,
     6,
     7,
     7
    ],
    [
     10,
     10,
     11,
     11
    ],
    [
     14,
     14,
     15,
     15
    ],
    [
     10,
     11,
     14,
     14,
     15,
     15
    ]
   ]
  },
  {
   "speed": 1.3,
   "time": 8500,
   "iteration_time": 300,
   "coords": [
    [
     13,
     13,
     16,
     16
    ],
    [
     13,
     13,
     16,
     16
    ],
    [
     13,
     16
    ],
    [
     9,
     9,
     12,
     12
    ],
    [
     9,
     9,
     12,
     12
    ],
    [
     9,
     9,
     12,
     12
    ],
    [
     5,
     5,
     5,
     8,
     8,
     8
    ],
    [
     5,
     5,
     5,
     8,
     8,
     8
    ],
    [
     5,
     8
    ]
   ]
  },
  {
   "speed": 1.3,
   "time": 13900,
   "iteration_time": 2000,
   "coords": [
    [
     1,
     4
    ]
   ]
  },
  {
   "speed": 0.45,
   "time": 18000,
   "iteration_time": 1200,
   "coords": [
    [
     1,
     2,
     3,
     4
    ],
    [
     6,
     7
    ],
    [
     9,
     10,
     11,
     12
    ],
    [
     13,
     14,
     15,
     16
    ]
   ]
  },
  {
   "speed": 2.0,
   "time": 33100,
   "iteration_time": 1,
   "coords": [
    [
     13
    ]
   ]
  }
 ]
}