{
 "animation": [
  {
   "speed": 1.0,
   "time": 2000,
   "iteration_time": 1,
   "coords": [
    [
     1,
     1,
     6,
     6,
     11,
     11,
     16,
     16
    ]
   ]
  },
  {
   "speed": 1.2,
   "time": 7500,
   "iteration_time": 2000,
   "coords": [
    [
     1,
     6,
     11,
     16
    ],
    [
     2,
     7,
     12,
     5,
     10,
     15
    ],
    [
     9,
     14,
     3,
     8
    ],
    [
     13,
     4
    ]
   ]
  },
  {
   "speed": 1.3,
   "time": 18500,
   "iteration_time": 1,
   "coords": [
    [
     2,
     7,
     12,
     5,
     10,
     15
    ]
   ]
  },
  {
   "speed": 0.6,
   "time": 20500,
   "iteration_time": 800,
   "coords": [
    [
     4,
     4,
     13,
     13
    ],
    [
     9,
     9,
     3,
     3,
     8,
     8,
     14,
     14
    ],
    [
     5,
     10,
     15,
     2,
     7,
     12
    ]
   ]
  },
  {
   "speed": 0.9,
   "time": 30000,
   "iteration_time": 1,
   "coords": [
    [
     9,
     6,
     3,
     5,
     2,
     1,
     8,
     11,
     14,
     12,
     15,
     16
    ]
   ]
  },
  {
   "speed": 2.0,
   "time": 35000,
   "iteration_time": 1,
   "coords": [
    [
     1
    ]
   ]
  }
 ]
}