{
 "animation": [
  {
   "speed": 1.2,
   "time": 5000,
   "iteration_time": 1800,
   "coords": [
    [
     7,
     8,
     3,
     4
    ],
    [
     15,
     16,
     11,
     12
    ],
    [
     13,
     14,
     9,
     10
    ],
    [
     5,
     6,
     1,
     2
    ]
   ]
  },
  {
   "speed": 1.2,
   "time": 14000,
   "iteration_time": 1800,
   "coords": [
    [
     5,
     6,
     1,
     2
    ],
    [
     13,
     14,
     9,
     10
    ],
    [
     15,
     16,
     11,
     12
    ],
    [
     7,
     8,
     3,
     4
    ]
   ]
  },
  {
   "speed": 1.7,
   "time": 20000,
   "iteration_time": 6000,
   "coords": [
    [
     10,
     11,
     6,
     7
    ],
    [
     10,
     11,
     6,
     7
    ]
   ]
  },
  {
   "speed": 1.4,
   "time": 27000,
   "iteration_time": 1,
   "coords": [
    [
     10,
     6
    ]
   ]
  },
  {
   "speed": 0.9,
   "time": 32000,
   "iteration_time": 500,
   "coords": [
    [
     13,
     13,
     13
    ],
    [
     14,
     14,
     14
    ],
    [
     15,
     15,
     15
    ],
    [
     16,
     16,
     16
    ],
    [
     12,
     12,
     12
    ],
    [
     8,
     8,
     8
    ],
    [
     4,
     4,
     4
    ],
    [
     3,
     3,
     3
    ],
    [
     2,
     2,
     2
    ]
   ]
  },
  {
   "speed": 1.35,
   "time": 40400,
   "iteration_time": 4000,
   "coords": [
    [
     9
    ],
    [
     5
    ],
    [
     9
    ],
    [
     5
    ]
   ]
  },
  {
   "speed": 1.5,
   "time": 57400,
   "iteration_time": 1,
   "coords": [
    [
     11,
     7
    ]
   ]
  },
  {
   "speed": 1.5,
   "time": 61000,
   "iteration_time": 500,
   "coords": [
    [
     9
    ],
    [
     5
    ]
   ]
  },
  {
   "speed": 0.9,
   "time": 65500,
   "iteration_time": 1,
   "coords": [
    [
     2,
     2
    ]
   ]
  }
 ]
}