{
 "animation": [
  {
   "speed": 1.5,
   "time": 1000,
   "iteration_time": 2000,
   "coords": [
    [
     5,
     1,
     2
    ],
    [
     15,
     16,
     12
    ]
   ]
  },
  {
   "speed": 1.5,
   "time": 6000,
   "iteration_time": 650,
   "coords": [
    [
     4
    ],
    [
     7
    ],
    [
     10
    ],
    [
     13
    ]
   ]
  },
  {
   "speed": 1.5,
   "time": 8800,
   "iteration_time": 1500,
   "coords": [
    [
     9,
     6,
     3
    ],
    [
     14,
     11,
     8
    ]
   ]
  },
  {
   "speed": 1.0,
   "time": 13600,
   "iteration_time": 200,
   "coords": [
    [
     1
    ],
    [
     2
    ],
    [
     3
    ],
    [
     4
    ],
    [
     8
    ],
    [
     12
    ],
    [
     11
    ],
    [
     10
    ]
   ]
  },
  {
   "speed": 1.5,
   "time": 18000,
   "iteration_time": 200,
   "coords": [
    [
     16
    ],
    [
     15
    ],
    [
     14
    ],
    [
     13
    ],
    [
     9
    ],
    [
     5
    ],
    [
     6
    ],
    [
     7
    ]
   ]
  },
  {
   "speed": 1.5,
   "time": 22400,
   "iteration_time": 1700,
   "coords": [
    [
     6
    ],
    [
     11
    ],
    [
     7
    ],
    [
     10
    ],
    [
     6
    ],
    [
     11
    ],
    [
     7
    ],
    [
     10
    ],
    [
     6
    ],
    [
     11
    ],
    [
     7
    ],
    [
     10
    ]
   ]
  },
  {
   "speed": 2.0,
   "time": 46100,
   "iteration_time": 780,
   "coords": [
    [
     14,
     15,
     2,
     3
    ],
    [
     13,
     16,
     1,
     4
    ],
    [
     9,
     5,
     12,
     8
    ]
   ]
  },
  {
   "speed": 1.5,
   "time": 53160,
   "iteration_time": 1,
   "coords": [
    [
     6,
     7,
     11,
     10
    ]
   ]
  },
  {
   "speed": 1.5,
   "time": 56660,
   "iteration_time": 2000,
   "coords": [
    [
     14,
     14,
     15
    ],
    [
     3,
     3,
     2
    ],
    [
     12,
     12,
     8
    ],
    [
     5,
     5,
     9
    ]
   ]
  },
  {
   "speed": 2.0,
   "time": 69160,
   "iteration_time": 1,
   "coords": [
    [
     10
    ]
   ]
  }
 ]
}
