{
 "animation": [
  {
   "speed": 1.0,
   "time": 5000,
   "iteration_time": 3000,
   "coords": [
    [
     2,
     3,
     8,
     12,
     4
    ],
    [
     1,
     5,
     6,
     7,
     11,
     10,
     15,
     13,
     14,
     16,
     9
    ]
   ]
  },
  {
   "speed": 1.5,
   "time": 10500,
   "iteration_time": 3000,
   "coords": [
    [
     10,
     10,
     11,
     11,
     6,
     6,
     7,
     7
    ]
   ]
  },
  {
   "speed": 1.0,
   "time": 15500,
   "iteration_time": 3000,
   "coords": [
    [
     8,
     8,
     12,
     12
    ],
    [
     4,
     16
    ],
    [
     4,
     16
    ]
   ]
  },
  {
   "speed": 0.5,
   "time": 25500,
   "iteration_time": 3000,
   "coords": [
    [
     3,
     3
    ],
    [
     15,
     15,
     14,
     14
    ],
    [
     2,
     2,
     1,
     1
    ],
    [
     13,
     13,
     5,
     5
    ],
    [
     9,
     9
    ]
   ]
  },
  {
   "speed": 1.0,
   "time": 42000,
   "iteration_time": 3000,
   "coords": [
    [
     2,
     4,
     5,
     7,
     10,
     12,
     13,
     15
    ]
   ]
  },
  {
   "speed": 1.5,
   "time": 44500,
   "iteration_time": 3000,
   "coords": [
    [
     1,
     3,
     6,
     8,
     9,
     11,
     14,
     16
    ]
   ]
  },
  {
   "speed": 1.0,
   "time": 48500,
   "iteration_time": 4000,
   "coords": [
    [
     6,
     7,
     10,
     11
    ]
   ]
  }
 ]
}