{
 "animation": [
  {
   "speed": 1.5,
   "time": 4000,
   "iteration_time": 500,
   "coords": [
    [
     1
    ],
    [
     2
    ],
    [
     3
    ],
    [
     4
    ],
    [
     8
    ],
    [
     12
    ],
    [
     16
    ],
    [
     15
    ],
    [
     13
    ],
    [
     14
    ],
    [
     9
    ],
    [
     5
    ],
    [
     1
    ],
    [
     2
    ],
    [
     3
    ],
    [
     4
    ],
    [
     8
    ],
    [
     12
    ],
    [
     16
    ],
    [
     15
    ],
    [
     14
    ],
    [
     13
    ],
    [
     9
    ],
    [
     5
    ]
   ]
  },
  {
   "speed": 2.5,
   "time": 17500,
   "iteration_time": 300,
   "coords": [
    [
     6
    ],
    [
     7
    ],
    [
     11
    ],
    [
     10
    ],
    [
     6
    ],
    [
     7
    ],
    [
     11
    ],
    [
     10
    ]
   ]
  },
  {
   "speed": 0.8,
   "time": 21600,
   "iteration_time": 1500,
   "coords": [
    [
     1
    ],
    [
     2,
     5
    ],
    [
     9,
     6,
     3
    ],
    [
     13,
     10,
     7,
     4
    ],
    [
     14,
     11,
     8
    ],
    [
     15,
     12
    ],
    [
     16
    ]
   ]
  },
  {
   "speed": 2.0,
   "time": 35000,
   "iteration_time": 300,
   "coords": [
    [
     13,
     4
    ],
    [
     14,
     3
    ],
    [
     15,
     2
    ],
    [
     1,
     16
    ],
    [
     12,
     5
    ],
    [
     8,
     9
    ]
   ]
  },
  {
   "speed": 1.0,
   "time": 38500,
   "iteration_time": 3000,
   "coords": [
    [
     10,
     11,
     6,
     7
    ]
   ]
  },
  {
   "speed": 2.0,
   "time": 40500,
   "iteration_time": 1000,
   "coords": [
    [
     5,
     5,
     6,
     6,
     7,
     7,
     8,
     8,
     9,
     9,
     10,
     10,
     11,
     11,
     12,
     12
    ]
   ]
  },
  {
   "speed": 2.5,
   "time": 43600,
   "iteration_time": 1000,
   "coords": [
    [
     4,
     4,
     13,
     13
    ],
    [
     14,
     3
    ]
   ]
  },
  {
   "speed": 1.5,
   "time": 47600,
   "iteration_time": 1000,
   "coords": [
    [
     14,
     3
    ]
   ]
  },
  {
   "speed": 3.0,
   "time": 50600,
   "iteration_time": 300,
   "coords": [
    [
     2,
     15
    ],
    [
     2,
     15
    ],
    [
     16,
     1
    ],
    [
     16,
     1
    ]
   ]
  },
  {
   "speed": 1.0,
   "time": 54500,
   "iteration_time": 3000,
   "coords": [
    [
     10,
     11,
     6,
     7
    ]
   ]
  }
 ]
}