{
 "animation": [
  {
   "speed": 1.0,
   "time": 5000,
   "iteration_time": 2000,
   "coords": [
    [
     10,
     10,
     6,
     6,
     7,
     7,
     11,
     11
    ]
   ]
  },
  {
   "speed": 0.7,
   "time": 10500,
   "iteration_time": 1000,
   "coords": [
    [
     13,
     9,
     5,
     8,
     12,
     16,
     15,
     14
    ],
    [
     14,
     14,
     15,
     15,
     16,
     16,
     13,
     13
    ],
    [
     13,
     16,
     12,
     12,
     9,
     9,
     8,
     8,
     8,
     8,
     5,
     5,
     5,
     5
    ],
    [
     12,
     12,
     9,
     9
    ],
    [
     5,
     8
    ],
    [
     1,
     4
    ]
   ]
  },
  {
   "speed": 0.8,
   "time": 18500,
   "iteration_time": 2000,
   "coords": [
    [
     2,
     2,
     2,
     2,
     2,
     2,
     3,
     3,
     3,
     3,
     3,
     3
    ]
   ]
  },
  {
   "speed": 0.7,
   "time": 21000,
   "iteration_time": 2500,
   "coords": [
    [
     1,
     1,
     1,
     1,
     1,
     4,
     4,
     4,
     4,
     4,
     6,
     6,
     6,
     6,
     7,
     7,
     7,
     7
    ],
    [
     10,
     11,
     11,
     11,
     10,
     10
    ],
    [
     14,
     14,
     14,
     15,
     15,
     15,
     10,
     11
    ],
    [
     13,
     16,
     13,
     16,
     9,
     12
    ]
   ]
  },
  {
   "speed": 2.5,
   "time": 38500,
   "iteration_time": 300,
   "coords": [
    [
     1,
     2,
     3,
     4,
     8,
     7,
     6,
     5
    ]
   ]
  },
  {
   "speed": 1.0,
   "time": 41500,
   "iteration_time": 3000,
   "coords": [
    [
     9,
     10,
     11,
     12,
     13,
     14,
     15,
     16
    ]
   ]
  }
 ]
}