{
 "animation": [
  {
   "speed": 1.0,
   "time": 5000,
   "iteration_time": 3000,
   "coords": [
    [
     1,
     2,
     3,
     4
    ],
    [
     13,
     14,
     15,
     16
    ],
    [
     5,
     6,
     7,
     8,
     9,
     10,
     11,
     12
    ]
   ]
  },
  {
   "speed": 2.0,
   "time": 16000,
   "iteration_time": 500,
   "coords": [
    [
     1
    ],
    [
     2
    ],
    [
     3
    ],
    [
     4
    ],
    [
     8
    ],
    [
     12
    ],
    [
     16
    ],
    [
     15
    ],
    [
     14
    ],
    [
     13
    ],
    [
     9
    ],
    [
     5
    ],
    [
     6
    ],
    [
     7
    ],
    [
     11
    ],
    [
     10
    ]
   ]
  },
  {
   "speed": 1.5,
   "time": 27500,
   "iteration_time": 1000,
   "coords": [
    [
     13,
     10,
     7,
     4
    ],
    [
     1,
     6,
     11,
     16
    ],
    [
     9,
     5,
     2,
     3,
     8,
     12,
     15,
     14
    ]
   ]
  },
  {
   "speed": 2.0,
   "time": 33500,
   "iteration_time": 4000,
   "coords": [
    [
     13,
     16,
     1,
     4
    ],
    [
     13,
     16,
     1,
     4,
     9,
     5,
     2,
     3,
     12,
     8,
     14,
     15
    ],
    [
     9,
     5,
     2,
     3,
     8,
     12,
     14,
     15
    ],
    [
     10,
     10,
     11,
     11,
     6,
     6,
     7,
     7
    ]
   ]
  },
  {
   "speed": 1.0,
   "time": 48500,
   "iteration_time": 0,
   "coords": [
    [
     10
    ]
   ]
  }
 ]
}