{
 "animation": [
  {
   "speed": 1.0,
   "time": 5000,
   "iteration_time": 1000,
   "coords": [
    [
     10
    ],
    [
     11
    ],
    [
     6
    ],
    [
     7
    ],
    [
     13,
     1,
     4,
     16,
     1,
     4,
     13,
     16
    ],
    [
     14,
     15,
     9,
     5,
     2,
     3,
     8,
     12
    ]
   ]
  },
  {
   "speed": 0.5,
   "time": 15000,
   "iteration_time": 3000,
   "coords": [
    [
     14,
     15,
     9,
     10,
     11,
     12,
     5,
     6,
     7,
     8,
     2,
     3
    ],
    [
     13,
     14,
     15,
     16,
     1,
     2,
     3,
     4
    ]
   ]
  },
  {
   "speed": 1.0,
   "time": 21000,
   "iteration_time": 4000,
   "coords": [
    [
     13,
     14,
     15,
     16,
     1,
     2,
     3,
     4
    ],
    [
     9,
     5
    ],
    [
     9,
     5
    ],
    [
     12,
     8
    ],
    [
     12,
     8
    ],
    [
     10,
     10
    ],
    [
     6,
     6
    ],
    [
     11,
     11
    ],
    [
     7,
     7
    ]
   ]
  },
  {
   "speed": 1.0,
   "time": 57000,
   "iteration_time": 4000,
   "coords": [
    [
     10,
     10,
     11,
     11,
     6,
     7
    ],
    [
     6,
     7
    ],
    [
     6,
     7
    ],
    [
     10,
     11
    ],
    [
     10,
     11,
     6,
     7
    ],
    [
     1,
     2,
     3,
     4,
     1,
     2,
     3,
     4
    ],
    [
     5,
     8
    ],
    [
     9,
     12
    ],
    [
     1,
     2,
     3,
     4
    ],
    [
     5,
     8
    ],
    [
     1,
     2,
     3,
     4,
     5,
     8,
     9,
     9,
     12,
     12
    ],
    [
     13,
     13,
     13,
     13,
     14,
     14,
     14,
     14,
     15,
     15,
     15,
     15,
     16,
     16,
     16,
     16
    ]
   ]
  }
 ]
}