{
 "animation": [
  {
   "speed": 1.4,
   "time": 5000,
   "iteration_time": 4000,
   "coords": [
    [
     13,
     14,
     3,
     4
    ],
    [
     13,
     14,
     3,
     4,
     2,
     15
    ],
    [
     2,
     15
    ],
    [
     13,
     14,
     3,
     4,
     2,
     15
    ],
    [
     16,
     16,
     1,
     1
    ],
    [
     5,
     12
    ],
    [
     12,
     12,
     16,
     1,
     5,
     5
    ]
   ]
  },
  {
   "speed": 0.5,
   "time": 31000,
   "iteration_time": 2000,
   "coords": [
    [
     9,
     9,
     9,
     10,
     10,
     10,
     6,
     6,
     6
    ],
    [
     11,
     11,
     11,
     7,
     7,
     7
    ],
    [
     8,
     8,
     8
    ]
   ]
  },
  {
   "speed": 1.0,
   "time": 39000,
   "iteration_time": 4000,
   "coords": [
    [
     10,
     10,
     11
    ],
    [
     7,
     6,
     6
    ],
    [
     11,
     7
    ],
    [
     1,
     1,
     2,
     2,
     3,
     3,
     4,
     4,
     8,
     8,
     12,
     12
    ],
    [
     5,
     5,
     9,
     9,
     13,
     13,
     14,
     14,
     15,
     15,
     16,
     16
    ]
   ]
  },
  {
   "speed": 0.4,
   "time": 58000,
   "iteration_time": 5000,
   "coords": [
    [
     13,
     14,
     15,
     11,
     10,
     9,
     12,
     5,
     7,
     8,
     1,
     2,
     3,
     4
    ]
   ]
  },
  {
   "speed": 1.0,
   "time": 67000,
   "iteration_time": 3000,
   "coords": [
    [
     6,
     16
    ]
   ]
  },
  {
   "speed": 1.0,
   "time": 74500,
   "iteration_time": 3500,
   "coords": [
    [
     6,
     7,
     11,
     10
    ]
   ]
  }
 ]
}