{
  "modes": {
    "crab fight": 18,
    "dodgeball": 17,
    "snow brawl": 16,
    "block drop": 15,
    "death from above": 14,
    "practice mode": 13,
    "bustling buttons": 12,
    "race": 11,
    "hat king": 10,
    "tile dive": 9,
    "the floor is lava": 8,
    "lights out": 7,
    "bomb tag": 6,
    "hide and seek": 5,
    "tag": 4,
    "stepping stones": 3,
    "king of the hill": 2,
    "red light green light": 1,
    "waiting in lobby": 0
  },
  "maps": {
    "crabland": 61,
    "crabheat": 60,
    "crabfields": 59,
    "sandy stones": 58,
    "sussy slope": 57,
    "sussy sandcastle": 56,
    "macaroni mountain": 55,
    "lava climb": 54,
    "saucy stage": 53,
    "skybox": 52,
    "salty island": 51,
    "peaceful platform": 50,
    "lava dump": 49,
    "lava drop": 48,
    "cheeky chamber": 47,
    "(s) sandy islands": 46,
    "sandy islands": 45,
    "dodgy streets": 44,
    "dodgy snow": 43,
    "dodgy ice": 42,
    "dodgy fields": 41,
    "tiny town": 40,
    "tiny town 2": 39,
    "(s) containers": 38,
    "(s) saloon": 37,
    "(s) beach": 36,
    "mini monke": 35,
    "twisted towers": 34,
    "toxic train": 33,
    "sunny saloon": 32,
    "splot": 31,
    "splat": 30,
    "snowtop": 29,
    "(s) playground": 28,
    "(s) islands": 27,
    "(s) icy islands": 26,
    "(s) hill": 25,
    "(s) glass jump": 24,
    "(s) color climb": 23,
    "slippery slope": 22,
    "sandstorm": 21,
    "return to monke": 20,
    "playground2": 19,
    "playground": 18,
    "plains": 17,
    "lava lake": 16,
    "lanky lava": 15,
    "karlson": 14,
    "islands": 13,
    "icy rocks": 12,
    "icy islands": 11,
    "icy crack": 10,
    "hasty hill": 9,
    "glass jump": 8,
    "funky field": 7,
    "dorm": 6,
    "desert": 5,
    "crusty rocks": 4,
    "color climb": 3,
    "cocky containers": 2,
    "blueline": 1,
    "bitter beach": 0
  }
}
